{
    "method": "TrackSSM (Zero-Shot)",
    "model_weights": "MOT17_epoch160.pt",
    "dataset": "NuScenes val CAM_FRONT",
    "num_sequences": 150,
    "timestamp": "2025-11-11 14:35:09",
    "tracking_params": {
        "high_thres": 0.6,
        "low_thres": 0.1,
        "frame_rate": 2
    },
    "metrics": {
        "MOTA": 29.904334130548893,
        "IDF1": 34.84961081780826,
        "MOTP": 0.052452117934430026,
        "IDSW": 16612,
        "MT": 2210,
        "ML": 282,
        "FP": 506,
        "FN": 6915,
        "Frag": 3752,
        "Precision": 98.18488359579581,
        "Recall": 79.83141807151607,
        "Total_Frames": 5825,
        "Total_Objects": 34285
    },
    "note": "Metrics recomputed from per-class data for consistency"
}