{
    "method": "TrackSSM (Zero-Shot)",
    "dataset": "NuScenes val CAM_FRONT",
    "per_class_metrics": {
        "car": {
            "MOTA": 32.11233211233211,
            "MOTP": 0.047769770895528404,
            "IDF1": 31.18186654164888,
            "IDSW": 9506,
            "Frag": 2124,
            "FP": 237,
            "FN": 3601,
            "MT": 1367,
            "ML": 101,
            "Precision": 98.54235112841684,
            "Recall": 81.67989417989418,
            "num_sequences": 147,
            "num_objects": 19656
        },
        "truck": {
            "MOTA": 24.35785807575098,
            "MOTP": 0.011013245588835555,
            "IDF1": 29.04249856759599,
            "IDSW": 2376,
            "Frag": 592,
            "FP": 153,
            "FN": 946,
            "MT": 231,
            "ML": 40,
            "Precision": 96.24840092168368,
            "Recall": 79.40792337831954,
            "num_sequences": 105,
            "num_objects": 4594
        },
        "bus": {
            "MOTA": 28.759894459102902,
            "MOTP": 0.012293887746264581,
            "IDF1": 27.305165819578093,
            "IDSW": 657,
            "Frag": 79,
            "FP": 18,
            "FN": 135,
            "MT": 51,
            "ML": 6,
            "Precision": 97.75467408666503,
            "Recall": 88.12664907651715,
            "num_sequences": 59,
            "num_objects": 1137
        },
        "trailer": {
            "MOTA": 20.17010935601458,
            "MOTP": 0.007134165383714912,
            "IDF1": 22.062168530818766,
            "IDSW": 460,
            "Frag": 86,
            "FP": 22,
            "FN": 175,
            "MT": 55,
            "ML": 10,
            "Precision": 97.05431785442683,
            "Recall": 78.7363304981774,
            "num_sequences": 36,
            "num_objects": 823
        },
        "pedestrian": {
            "MOTA": 29.78909090909091,
            "MOTP": 0.035387417285156667,
            "IDF1": 32.638984874178604,
            "IDSW": 2989,
            "Frag": 762,
            "FP": 63,
            "FN": 1775,
            "MT": 416,
            "ML": 99,
            "Precision": 98.80218761584372,
            "Recall": 74.18181818181819,
            "num_sequences": 116,
            "num_objects": 6875
        },
        "motorcycle": {
            "MOTA": 20.592193808882907,
            "MOTP": 0.006248067430759951,
            "IDF1": 26.814053997086027,
            "IDSW": 437,
            "Frag": 68,
            "FP": 11,
            "FN": 142,
            "MT": 56,
            "ML": 8,
            "Precision": 98.76946741011345,
            "Recall": 80.88829071332437,
            "num_sequences": 54,
            "num_objects": 743
        },
        "bicycle": {
            "MOTA": 27.947598253275107,
            "MOTP": 0.0030631377407270874,
            "IDF1": 30.57307721295616,
            "IDSW": 187,
            "Frag": 41,
            "FP": 2,
            "FN": 141,
            "MT": 34,
            "ML": 18,
            "Precision": 96.87772925764192,
            "Recall": 69.21397379912663,
            "num_sequences": 56,
            "num_objects": 458
        }
    }
}